2022-05-29,The Rubyist
2022-05-29,The Rubyist
2022-05-23,The Rubyist
2022-03-14,The Rubyist
2022-02-28,The Rubyist
2022-02-09,The Rubyist
2022-02-09,The Rubyist
2022-01-22,The Rubyist
2022-01-22,The Rubyist
2022-01-22,The Rubyist
2022-01-22,The Rubyist
2022-01-22,The Rubyist
2022-01-22,The Rubyist
2022-01-16,The Rubyist
2022-01-16,The Rubyist
2022-01-16,The Rubyist
2022-01-03,The Rubyist
2021-12-19,The Rubyist
2021-11-14,The Rubyist
2021-11-07,The Rubyist
2021-11-07,The Rubyist
2021-11-07,The Rubyist
2021-11-07,The Rubyist
2021-11-01,The Rubyist
2021-11-01,The Rubyist
2021-10-29,The Rubyist
2021-10-28,The Rubyist
2021-10-28,The Rubyist
2021-10-28,The Rubyist
2021-10-27,The Rubyist
2021-10-27,The Rubyist
2021-10-27,The Rubyist
2021-10-26,The Rubyist
2021-10-26,The Rubyist
2021-10-26,The Rubyist
2021-10-26,The Rubyist
2021-10-26,The Rubyist
2021-10-26,The Rubyist
